noi_dung_binh_luan,ngay_binh_luan,gio_binh_luan,ma_san_pham
"Khử mùi và mồ hôi 10 điểm luôn nha mn. Xài 1 lần cho cả tuần, rất thích. Chỉ trừ điểm duy nhất là làm THÂM NÁCH NHẸ nha. Do da mình trắng nên thấy vùng bị thâm rõ",24/09/2023,9:28,242300001
"100/100 điểm khử mùi và kiềm mồ hôi tốt , ai có mồ hôi nhiều và có mùi nên sử dụng nhaaaaa",29/07/2023,18:45,242300001
Hôi cồn nồng,12/06/2023,6:00,242300001
Trên phần thông tin sản phẩm thì ghi xuất xứ Phát mà khi mình nhận hàng lại của Đan Mạch,07/07/2022,21:57,242300001
"Mùi hắc cồn, bôi vào da thấy rát, cảm giác sưng sưng ở vùng bôi nách sau 2 ngày bong vảy.",09/06/2022,21:47,242300001
"Nam hay nữ đều dùng được phải không shop, cái flash sale đó chỉ áp dụng cho mua ol hay mua trực tiếp cũng được",26/05/2022,22:41,242300001
"dùng được 3 lần là hết mùi luôn á , đỉnh thực sự. những lần sau chỉ cần lăn 1lần/ tuần là oke . Giảm được mồ hôi nữa",27/04/2022,9:40,242300001
hài lòng về Etiaxil,31/03/2022,23:19,242300001
quan tâm,31/03/2022,18:31,242300001
mở nắp không được nha,18/03/2022,21:05,242300001
hình ảnh kh liên quan lắm nhưng .sp rất tốt ạ,15/02/2022,20:25,242300001
Ủa sao mở nắp hoài k đc vậy shop.! Nó cứng quá,29/12/2021,11:32,242300001
Sd đến lọ thứ 2 rồi rất ưng ý. Nhưng shop ko giao quà tặng đi kèm mà cũng ko thấy nói gì luôn,28/12/2021,15:18,242300001
lăn khử mùi rất ổn mà k giao hàng tặng,26/11/2021,13:39,242300001
Mùi hương không được thơm.,14/05/2024,22:59,422207325
dùng sữa tắm thơm lắm ạ con e rất thích,08/12/2023,19:48,422207325
fff,28/09/2024,23:14,422210803
"Mùi thơm , dùng xong da mịn hẳn, hạt mịn dễ chịu, k có đau rát khi dùng.",06/08/2024,7:37,422210803
Dùng xong thấy mướt da với thơm nữa,03/08/2024,20:04,422210803
"Mùi thơm, tắm xong cảm giác da nhẹ",11/06/2024,9:51,422210803
sản phẩm khá OK dùng để tẩy da chết cho body thật tuyệt,13/01/2024,21:33,422210803
"thơmmmmm aaa siêu ưng, có bạn trong Hasaki tư vấn xài cái này, hong ngờ thích vậy, suýt nữa tính mua ba cái cafe gì gì xài đau chết cha",24/12/2023,0:40,422210803
da co ve men min va sang hon,23/11/2023,16:52,422210803
Khá ngạc nhiên về sản phẩm này,23/11/2023,15:23,422210803
Khá ngạc nhiên về sp này! Quá là ok,22/11/2023,14:11,422210803
Tắm xong còn thơm thoang thoảng quanh người,20/11/2023,13:07,422210803
tắm xog còn thơm thoảng thoảng quanh ng,20/11/2023,13:04,422210803
Ngon bổ rẻ bà con ơi,20/11/2023,13:03,422210803
tắm xong con thơm thoang thoảng quanh người,20/11/2023,13:02,422210803
Thơm tắm xong mềm mịn bao thích,20/11/2023,13:02,422210803
Tắm xong còn thơm dai dẳng,20/11/2023,13:02,422210803